"vreKey","cowKey","vreDate","reason","diagnosis","extra","vetKey","comment"
NA,6407,2017-03-24,NA,"empty",NA,NA,NA
NA,7152,2017-03-24,NA,"empty",NA,NA,NA
NA,6227,2017-03-24,NA,"empty",NA,NA,NA
NA,7495,2017-03-24,NA,"empty",NA,NA,NA
NA,7636,2017-03-24,NA,"empty",NA,NA,NA
NA,6267,2017-03-24,NA,"empty",NA,NA,NA
NA,6570,2017-03-24,NA,"empty",NA,NA,NA
NA,7633,2017-03-24,NA,"empty",NA,NA,NA
NA,7622,2017-03-24,NA,"empty",NA,NA,NA
NA,7265,2017-03-24,NA,"empty",NA,NA,NA
NA,7366,2017-03-24,NA,"empty",NA,NA,NA
NA,5744,2017-03-24,NA,"empty",NA,NA,NA
NA,7061,2017-03-24,NA,"empty",NA,NA,NA
NA,5638,2017-03-24,NA,"empty",NA,NA,NA
NA,7021,2017-03-24,NA,"empty",NA,NA,NA
NA,6698,2017-03-24,NA,"empty",NA,NA,NA
NA,7682,2017-03-24,NA,"empty",NA,NA,NA
NA,7992,2017-03-24,NA,"empty",NA,NA,NA
NA,8994,2017-03-24,NA,"empty",NA,NA,NA
NA,6238,2017-03-24,NA,"empty",NA,NA,NA
NA,5666,2017-03-24,NA,"empty",NA,NA,NA
NA,7730,2017-03-24,NA,"empty",NA,NA,NA
NA,4611,2017-03-24,NA,"empty",NA,NA,NA
NA,7051,2017-03-24,NA,"empty",NA,NA,NA
NA,5662,2017-03-24,NA,"empty",NA,NA,NA
NA,7645,2017-03-24,NA,"empty",NA,NA,NA
NA,7561,2017-03-24,NA,"empty",NA,NA,NA
NA,7074,2017-03-24,NA,"empty",NA,NA,NA
NA,5732,2017-03-24,NA,"empty",NA,NA,NA
NA,6480,2017-03-24,NA,"empty",NA,NA,NA
NA,6936,2017-03-24,NA,"empty",NA,NA,NA
NA,7630,2017-03-24,NA,"empty",NA,NA,NA
NA,7640,2017-03-24,NA,"empty",NA,NA,NA
NA,6499,2017-03-24,NA,"empty",NA,NA,NA
NA,5346,2017-03-24,NA,"empty",NA,NA,NA
NA,6464,2017-03-24,NA,"empty",NA,NA,NA
NA,5715,2017-03-24,NA,"empty",NA,NA,NA
NA,7142,2017-03-24,NA,"empty",NA,NA,NA
NA,7126,2017-03-24,NA,"empty",NA,NA,NA
NA,6990,2017-03-24,NA,"empty",NA,NA,NA
NA,6850,2017-03-24,NA,"empty",NA,NA,NA
NA,7641,2017-03-24,NA,"empty",NA,NA,NA
NA,9009,2017-03-24,NA,"empty",NA,NA,NA
NA,5746,2017-03-24,NA,"empty",NA,NA,NA
NA,7690,2017-03-24,NA,"empty",NA,NA,NA
NA,6845,2017-03-24,NA,"empty",NA,NA,NA
NA,6345,2017-03-24,NA,"empty",NA,NA,NA
NA,7488,2017-03-24,NA,"empty",NA,NA,NA
NA,6423,2017-03-24,NA,"empty",NA,NA,NA
NA,6418,2017-03-24,NA,"empty",NA,NA,NA
NA,5770,2017-03-24,NA,"empty",NA,NA,NA
NA,7178,2017-03-24,NA,"empty",NA,NA,NA
NA,6739,2017-03-24,NA,"empty",NA,NA,NA
NA,9036,2017-03-24,NA,"empty",NA,NA,NA
NA,7800,2017-03-24,NA,"empty",NA,NA,NA
NA,5729,2017-03-24,NA,"empty",NA,NA,NA
NA,7596,2017-03-24,NA,"empty",NA,NA,NA
NA,7638,2017-03-24,NA,"empty",NA,NA,NA
NA,7164,2017-03-24,NA,"empty",NA,NA,NA
NA,7179,2017-03-24,NA,"empty",NA,NA,NA
NA,7141,2017-03-24,NA,"empty",NA,NA,NA
NA,7339,2017-03-24,NA,"empty",NA,NA,NA
NA,8926,2017-03-24,NA,"empty",NA,NA,NA
NA,7101,2017-03-24,NA,"empty",NA,NA,NA
NA,7704,2017-03-24,NA,"empty",NA,NA,NA
NA,9002,2017-03-24,NA,"empty",NA,NA,NA
NA,6343,2017-03-24,NA,"empty",NA,NA,NA
NA,5651,2017-03-24,NA,"empty",NA,NA,NA
NA,7220,2017-03-24,NA,"empty",NA,NA,NA
NA,5852,2017-03-24,NA,"empty",NA,NA,NA
NA,7118,2017-03-24,NA,"empty",NA,NA,NA
NA,7718,2017-03-24,NA,"empty",NA,NA,NA
NA,5749,2017-03-24,NA,"empty",NA,NA,NA
NA,6242,2017-03-24,NA,"empty",NA,NA,NA
NA,7734,2017-03-24,NA,"empty",NA,NA,NA
NA,6947,2017-03-24,NA,"empty",NA,NA,NA
NA,7789,2017-03-24,NA,"empty",NA,NA,NA
NA,7676,2017-03-24,NA,"empty",NA,NA,NA
NA,7273,2017-03-24,NA,"empty",NA,NA,NA
NA,9030,2017-03-24,NA,"empty",NA,NA,NA
NA,6968,2017-03-24,NA,"empty",NA,NA,NA
NA,6384,2017-03-24,NA,"empty",NA,NA,NA
NA,5751,2017-03-24,NA,"empty",NA,NA,NA
NA,7172,2017-03-24,NA,"empty",NA,NA,NA
NA,7006,2017-03-24,NA,"empty",NA,NA,NA
NA,6479,2017-03-24,NA,"empty",NA,NA,NA
NA,7140,2017-03-24,NA,"empty",NA,NA,NA
NA,6919,2017-03-24,NA,"empty",NA,NA,NA
NA,6868,2017-03-24,NA,"empty",NA,NA,NA
NA,5719,2017-03-24,NA,"empty",NA,NA,NA
NA,7328,2017-03-24,NA,"empty",NA,NA,NA
NA,6348,2017-03-24,NA,"empty",NA,NA,NA
NA,6583,2017-03-24,NA,"empty",NA,NA,NA
NA,5740,2017-03-24,NA,"empty",NA,NA,NA
NA,6774,2017-03-24,NA,"empty",NA,NA,NA
NA,8019,2017-03-24,NA,"empty",NA,NA,NA
NA,6949,2017-03-24,NA,"empty",NA,NA,NA
NA,8355,2017-03-24,NA,"empty",NA,NA,NA
NA,7186,2017-03-24,NA,"empty",NA,NA,NA
NA,9026,2017-03-24,NA,"empty",NA,NA,NA
NA,6592,2017-03-24,NA,"empty",NA,NA,NA
NA,8188,2017-03-24,NA,"empty",NA,NA,NA
NA,7053,2017-03-24,NA,"empty",NA,NA,NA
NA,6386,2017-03-24,NA,"empty",NA,NA,NA
NA,5572,2017-03-24,NA,"empty",NA,NA,NA
NA,6688,2017-03-24,NA,"empty",NA,NA,NA
NA,6236,2017-03-24,NA,"empty",NA,NA,NA
NA,7073,2017-03-24,NA,"empty",NA,NA,NA
NA,7781,2017-03-24,NA,"empty",NA,NA,NA
NA,9017,2017-03-24,NA,"empty",NA,NA,NA
NA,6765,2017-03-24,NA,"empty",NA,NA,NA
NA,6256,2017-03-24,NA,"empty",NA,NA,NA
NA,6718,2017-03-24,NA,"empty",NA,NA,NA
NA,9057,2017-03-24,NA,"empty",NA,NA,NA
NA,7208,2017-03-24,NA,"empty",NA,NA,NA
NA,5753,2017-03-24,NA,"empty",NA,NA,NA
NA,6692,2017-03-24,NA,"empty",NA,NA,NA
NA,7174,2017-03-24,NA,"empty",NA,NA,NA
NA,6618,2017-03-24,NA,"empty",NA,NA,NA
NA,6891,2017-03-24,NA,"empty",NA,NA,NA
NA,5800,2017-03-24,NA,"empty",NA,NA,NA
NA,7696,2017-03-24,NA,"empty",NA,NA,NA
NA,6438,2017-03-24,NA,"empty",NA,NA,NA
NA,7720,2017-03-24,NA,"empty",NA,NA,NA
NA,5750,2017-03-24,NA,"empty",NA,NA,NA
NA,6865,2017-03-24,NA,"empty",NA,NA,NA
NA,5828,2017-03-24,NA,"empty",NA,NA,NA
NA,8928,2017-03-24,NA,"empty",NA,NA,NA
NA,7049,2017-03-24,NA,"empty",NA,NA,NA
NA,7068,2017-03-24,NA,"empty",NA,NA,NA
NA,8101,2017-03-24,NA,"empty",NA,NA,NA
NA,7802,2017-03-24,NA,"empty",NA,NA,NA
NA,6696,2017-03-24,NA,"empty",NA,NA,NA
NA,5724,2017-03-24,NA,"empty",NA,NA,NA
NA,7589,2017-03-24,NA,"empty",NA,NA,NA
NA,5711,2017-03-24,NA,"empty",NA,NA,NA
NA,6699,2017-03-24,NA,"empty",NA,NA,NA
NA,9147,2017-03-24,NA,"empty",NA,NA,NA
NA,8325,2017-03-24,NA,"empty",NA,NA,NA
NA,10002,2017-03-24,NA,"empty",NA,NA,NA
NA,9513,2017-03-24,NA,"empty",NA,NA,NA
NA,8217,2017-03-24,NA,"empty",NA,NA,NA
NA,8394,2017-03-24,NA,"empty",NA,NA,NA
NA,7771,2017-03-24,NA,"empty",NA,NA,NA
NA,9868,2017-03-24,NA,"empty",NA,NA,NA
NA,9723,2017-03-24,NA,"empty",NA,NA,NA
NA,9034,2017-03-24,NA,"empty",NA,NA,NA
NA,9730,2017-03-24,NA,"empty",NA,NA,NA
NA,9817,2017-03-24,NA,"empty",NA,NA,NA
NA,9913,2017-03-24,NA,"empty",NA,NA,NA
NA,9169,2017-03-24,NA,"empty",NA,NA,NA
NA,8533,2017-03-24,NA,"empty",NA,NA,NA
NA,9641,2017-03-24,NA,"empty",NA,NA,NA
NA,9192,2017-03-24,NA,"empty",NA,NA,NA
NA,9252,2017-03-24,NA,"empty",NA,NA,NA
NA,9834,2017-03-24,NA,"empty",NA,NA,NA
NA,9745,2017-03-24,NA,"empty",NA,NA,NA
NA,8035,2017-03-24,NA,"empty",NA,NA,NA
NA,5664,2017-03-24,NA,"empty",NA,NA,NA
NA,8088,2017-03-24,NA,"empty",NA,NA,NA
NA,10016,2017-03-24,NA,"empty",NA,NA,NA
NA,9889,2017-03-24,NA,"empty",NA,NA,NA
NA,7905,2017-03-24,NA,"empty",NA,NA,NA
NA,8789,2017-03-24,NA,"empty",NA,NA,NA
NA,8614,2017-03-24,NA,"empty",NA,NA,NA
NA,9576,2017-03-24,NA,"empty",NA,NA,NA
NA,9130,2017-03-24,NA,"empty",NA,NA,NA
NA,9213,2017-03-24,NA,"empty",NA,NA,NA
NA,9870,2017-03-24,NA,"empty",NA,NA,NA
NA,8102,2017-03-24,NA,"empty",NA,NA,NA
NA,8522,2017-03-24,NA,"empty",NA,NA,NA
NA,8967,2017-03-24,NA,"empty",NA,NA,NA
NA,9929,2017-03-24,NA,"empty",NA,NA,NA
NA,8797,2017-03-24,NA,"empty",NA,NA,NA
NA,9608,2017-03-24,NA,"empty",NA,NA,NA
NA,9273,2017-03-24,NA,"empty",NA,NA,NA
NA,9547,2017-03-24,NA,"empty",NA,NA,NA
NA,8939,2017-03-24,NA,"empty",NA,NA,NA
NA,7706,2017-03-24,NA,"empty",NA,NA,NA
NA,8250,2017-03-24,NA,"empty",NA,NA,NA
NA,9885,2017-03-24,NA,"empty",NA,NA,NA
NA,9557,2017-03-24,NA,"empty",NA,NA,NA
NA,8390,2017-03-24,NA,"empty",NA,NA,NA
NA,8764,2017-03-24,NA,"empty",NA,NA,NA
NA,7859,2017-03-24,NA,"empty",NA,NA,NA
NA,9703,2017-03-24,NA,"empty",NA,NA,NA
NA,9848,2017-03-24,NA,"empty",NA,NA,NA
NA,9420,2017-03-24,NA,"empty",NA,NA,NA
NA,9877,2017-03-24,NA,"empty",NA,NA,NA
NA,9721,2017-03-24,NA,"empty",NA,NA,NA
NA,8809,2017-03-24,NA,"empty",NA,NA,NA
NA,9983,2017-03-24,NA,"empty",NA,NA,NA
NA,9699,2017-03-24,NA,"empty",NA,NA,NA
NA,9174,2017-03-24,NA,"empty",NA,NA,NA
NA,9940,2017-03-24,NA,"empty",NA,NA,NA
NA,9811,2017-03-24,NA,"empty",NA,NA,NA
NA,8022,2017-03-24,NA,"empty",NA,NA,NA
NA,9969,2017-03-24,NA,"empty",NA,NA,NA
NA,8730,2017-03-24,NA,"empty",NA,NA,NA
NA,9601,2017-03-24,NA,"empty",NA,NA,NA
NA,10004,2017-03-24,NA,"empty",NA,NA,NA
NA,9738,2017-03-24,NA,"empty",NA,NA,NA
NA,7732,2017-03-24,NA,"empty",NA,NA,NA
NA,9309,2017-03-24,NA,"empty",NA,NA,NA
NA,9778,2017-03-24,NA,"empty",NA,NA,NA
NA,8515,2017-03-24,NA,"empty",NA,NA,NA
NA,9683,2017-03-24,NA,"empty",NA,NA,NA
NA,9198,2017-03-24,NA,"empty",NA,NA,NA
NA,8935,2017-03-24,NA,"empty",NA,NA,NA
NA,9067,2017-03-24,NA,"empty",NA,NA,NA
NA,9190,2017-03-24,NA,"empty",NA,NA,NA
NA,9674,2017-03-24,NA,"empty",NA,NA,NA
NA,9394,2017-03-24,NA,"empty",NA,NA,NA
NA,9245,2017-03-24,NA,"empty",NA,NA,NA
NA,7387,2017-03-24,NA,"empty",NA,NA,NA
NA,9536,2017-03-24,NA,"empty",NA,NA,NA
NA,7008,2017-03-24,NA,"empty",NA,NA,NA
NA,9304,2017-03-24,NA,"empty",NA,NA,NA
NA,9961,2017-03-24,NA,"empty",NA,NA,NA
NA,8822,2017-03-24,NA,"empty",NA,NA,NA
NA,8334,2017-03-24,NA,"empty",NA,NA,NA
NA,9106,2017-03-24,NA,"empty",NA,NA,NA
NA,9717,2017-03-24,NA,"empty",NA,NA,NA
NA,9824,2017-03-24,NA,"empty",NA,NA,NA
NA,10046,2017-03-24,NA,"empty",NA,NA,NA
NA,9925,2017-03-24,NA,"empty",NA,NA,NA
NA,8523,2017-03-24,NA,"empty",NA,NA,NA
NA,9863,2017-03-24,NA,"empty",NA,NA,NA
NA,9727,2017-03-24,NA,"empty",NA,NA,NA
NA,9900,2017-03-24,NA,"empty",NA,NA,NA
NA,7879,2017-03-24,NA,"empty",NA,NA,NA
NA,9161,2017-03-24,NA,"empty",NA,NA,NA
NA,8312,2017-03-24,NA,"empty",NA,NA,NA
NA,9724,2017-03-24,NA,"empty",NA,NA,NA
NA,6364,2017-03-24,NA,"empty",NA,NA,NA
NA,7289,2017-03-24,NA,"empty",NA,NA,NA
NA,9211,2017-03-24,NA,"empty",NA,NA,NA
NA,9271,2017-03-24,NA,"empty",NA,NA,NA
NA,9562,2017-03-24,NA,"empty",NA,NA,NA
NA,8304,2017-03-24,NA,"empty",NA,NA,NA
NA,7333,2017-03-24,NA,"empty",NA,NA,NA
NA,10035,2017-03-24,NA,"empty",NA,NA,NA
NA,9948,2017-03-24,NA,"empty",NA,NA,NA
NA,10017,2017-03-24,NA,"empty",NA,NA,NA
NA,9661,2017-03-24,NA,"empty",NA,NA,NA
NA,9295,2017-03-24,NA,"empty",NA,NA,NA
NA,9567,2017-03-24,NA,"empty",NA,NA,NA
NA,7081,2017-03-24,NA,"empty",NA,NA,NA
NA,7091,2017-03-24,NA,"empty",NA,NA,NA
NA,9803,2017-03-24,NA,"empty",NA,NA,NA
NA,9754,2017-03-24,NA,"empty",NA,NA,NA
NA,9791,2017-03-24,NA,"empty",NA,NA,NA
NA,9850,2017-03-24,NA,"empty",NA,NA,NA
NA,9825,2017-03-24,NA,"empty",NA,NA,NA
NA,9600,2017-03-24,NA,"empty",NA,NA,NA
NA,9275,2017-03-24,NA,"empty",NA,NA,NA
NA,9932,2017-03-24,NA,"empty",NA,NA,NA
NA,9812,2017-03-24,NA,"empty",NA,NA,NA
NA,7715,2017-03-24,NA,"empty",NA,NA,NA
NA,9965,2017-03-24,NA,"empty",NA,NA,NA
NA,9572,2017-03-24,NA,"empty",NA,NA,NA
NA,10000,2017-03-24,NA,"empty",NA,NA,NA
NA,9129,2017-03-24,NA,"empty",NA,NA,NA
NA,8680,2017-03-24,NA,"empty",NA,NA,NA
NA,8135,2017-03-24,NA,"empty",NA,NA,NA
NA,9164,2017-03-24,NA,"empty",NA,NA,NA
NA,9996,2017-03-24,NA,"empty",NA,NA,NA
NA,8512,2017-03-24,NA,"empty",NA,NA,NA
NA,7790,2017-03-24,NA,"empty",NA,NA,NA
NA,9224,2017-03-24,NA,"empty",NA,NA,NA
NA,9031,2017-03-24,NA,"empty",NA,NA,NA
NA,9766,2017-03-24,NA,"empty",NA,NA,NA
NA,9482,2017-03-24,NA,"empty",NA,NA,NA
NA,8958,2017-03-24,NA,"empty",NA,NA,NA
NA,9564,2017-03-24,NA,"empty",NA,NA,NA
NA,9617,2017-03-24,NA,"empty",NA,NA,NA
NA,7708,2017-03-24,NA,"empty",NA,NA,NA
NA,9591,2017-03-24,NA,"empty",NA,NA,NA
NA,9648,2017-03-24,NA,"empty",NA,NA,NA
NA,8722,2017-03-24,NA,"empty",NA,NA,NA
NA,8496,2017-03-24,NA,"empty",NA,NA,NA
NA,10051,2017-03-24,NA,"empty",NA,NA,NA
NA,9660,2017-03-24,NA,"empty",NA,NA,NA
NA,9135,2017-03-24,NA,"empty",NA,NA,NA
NA,9816,2017-03-24,NA,"empty",NA,NA,NA
NA,9618,2017-03-24,NA,"empty",NA,NA,NA
NA,9881,2017-03-24,NA,"empty",NA,NA,NA
NA,7516,2017-03-24,NA,"empty",NA,NA,NA
NA,9153,2017-03-24,NA,"empty",NA,NA,NA
NA,9560,2017-03-24,NA,"empty",NA,NA,NA
NA,9645,2017-03-24,NA,"empty",NA,NA,NA
NA,9808,2017-03-24,NA,"empty",NA,NA,NA
NA,8780,2017-03-24,NA,"empty",NA,NA,NA
NA,9873,2017-03-24,NA,"empty",NA,NA,NA
NA,9879,2017-03-24,NA,"empty",NA,NA,NA
NA,9552,2017-03-24,NA,"empty",NA,NA,NA
NA,8091,2017-03-24,NA,"empty",NA,NA,NA
NA,9290,2017-03-24,NA,"empty",NA,NA,NA
NA,9779,2017-03-24,NA,"empty",NA,NA,NA
NA,8439,2017-03-24,NA,"empty",NA,NA,NA
NA,8050,2017-03-24,NA,"empty",NA,NA,NA
NA,9733,2017-03-24,NA,"empty",NA,NA,NA
NA,9856,2017-03-24,NA,"empty",NA,NA,NA
NA,9700,2017-03-24,NA,"empty",NA,NA,NA
NA,9992,2017-03-24,NA,"empty",NA,NA,NA
NA,8734,2017-03-24,NA,"empty",NA,NA,NA
NA,9594,2017-03-24,NA,"empty",NA,NA,NA
NA,8307,2017-03-24,NA,"empty",NA,NA,NA
NA,9914,2017-03-24,NA,"empty",NA,NA,NA
NA,9785,2017-03-24,NA,"empty",NA,NA,NA
NA,9980,2017-03-24,NA,"empty",NA,NA,NA
NA,8046,2017-03-24,NA,"empty",NA,NA,NA
NA,9236,2017-03-24,NA,"empty",NA,NA,NA
NA,9684,2017-03-24,NA,"empty",NA,NA,NA
NA,8407,2017-03-24,NA,"empty",NA,NA,NA
NA,9556,2017-03-24,NA,"empty",NA,NA,NA
NA,9814,2017-03-24,NA,"empty",NA,NA,NA
NA,9301,2017-03-24,NA,"empty",NA,NA,NA
NA,9874,2017-03-24,NA,"empty",NA,NA,NA
NA,9592,2017-03-24,NA,"empty",NA,NA,NA
NA,7657,2017-03-24,NA,"pregnant",NA,NA,NA
NA,8020,2017-03-24,NA,"pregnant",NA,NA,NA
NA,6402,2017-03-24,NA,"pregnant",NA,NA,NA
NA,5787,2017-03-24,NA,"pregnant",NA,NA,NA
NA,7000,2017-03-24,NA,"pregnant",NA,NA,NA
NA,7427,2017-03-24,NA,"pregnant",NA,NA,NA
NA,6224,2017-03-24,NA,"pregnant",NA,NA,NA
NA,7085,2017-03-24,NA,"pregnant",NA,NA,NA
NA,6445,2017-03-24,NA,"pregnant",NA,NA,NA
NA,5545,2017-03-24,NA,"pregnant",NA,NA,NA
NA,6707,2017-03-24,NA,"pregnant",NA,NA,NA
NA,5720,2017-03-24,NA,"pregnant",NA,NA,NA
NA,7741,2017-03-24,NA,"pregnant",NA,NA,NA
NA,7769,2017-03-24,NA,"pregnant",NA,NA,NA
NA,6916,2017-03-24,NA,"pregnant",NA,NA,NA
NA,6367,2017-03-24,NA,"pregnant",NA,NA,NA
NA,8012,2017-03-24,NA,"pregnant",NA,NA,NA
NA,6952,2017-03-24,NA,"pregnant",NA,NA,NA
NA,7726,2017-03-24,NA,"pregnant",NA,NA,NA
NA,7086,2017-03-24,NA,"pregnant",NA,NA,NA
NA,7695,2017-03-24,NA,"pregnant",NA,NA,NA
NA,5678,2017-03-24,NA,"pregnant",NA,NA,NA
NA,6992,2017-03-24,NA,"pregnant",NA,NA,NA
NA,6676,2017-03-24,NA,"pregnant",NA,NA,NA
NA,6926,2017-03-24,NA,"pregnant",NA,NA,NA
NA,6940,2017-03-24,NA,"pregnant",NA,NA,NA
NA,5627,2017-03-24,NA,"pregnant",NA,NA,NA
NA,6313,2017-03-24,NA,"pregnant",NA,NA,NA
NA,7088,2017-03-24,NA,"pregnant",NA,NA,NA
NA,5272,2017-03-24,NA,"pregnant",NA,NA,NA
NA,5808,2017-03-24,NA,"pregnant",NA,NA,NA
NA,7299,2017-03-24,NA,"pregnant",NA,NA,NA
NA,6424,2017-03-24,NA,"pregnant",NA,NA,NA
NA,7405,2017-03-24,NA,"pregnant",NA,NA,NA
NA,6349,2017-03-24,NA,"pregnant",NA,NA,NA
NA,8914,2017-03-24,NA,"pregnant",NA,NA,NA
NA,7183,2017-03-24,NA,"pregnant",NA,NA,NA
NA,6373,2017-03-24,NA,"pregnant",NA,NA,NA
NA,7703,2017-03-24,NA,"pregnant",NA,NA,NA
NA,6354,2017-03-24,NA,"pregnant",NA,NA,NA
NA,6706,2017-03-24,NA,"pregnant",NA,NA,NA
NA,6691,2017-03-24,NA,"pregnant",NA,NA,NA
NA,6918,2017-03-24,NA,"pregnant",NA,NA,NA
NA,7215,2017-03-24,NA,"pregnant",NA,NA,NA
NA,6388,2017-03-24,NA,"pregnant",NA,NA,NA
NA,7702,2017-03-24,NA,"pregnant",NA,NA,NA
NA,5815,2017-03-24,NA,"pregnant",NA,NA,NA
NA,6377,2017-03-24,NA,"pregnant",NA,NA,NA
NA,8163,2017-03-24,NA,"pregnant",NA,NA,NA
NA,7180,2017-03-24,NA,"pregnant",NA,NA,NA
NA,7130,2017-03-24,NA,"pregnant",NA,NA,NA
NA,5323,2017-03-24,NA,"pregnant",NA,NA,NA
NA,7428,2017-03-24,NA,"pregnant",NA,NA,NA
NA,6705,2017-03-24,NA,"pregnant",NA,NA,NA
NA,7801,2017-03-24,NA,"pregnant",NA,NA,NA
NA,5665,2017-03-24,NA,"pregnant",NA,NA,NA
NA,7022,2017-03-24,NA,"pregnant",NA,NA,NA
NA,7623,2017-03-24,NA,"pregnant",NA,NA,NA
NA,7044,2017-03-24,NA,"pregnant",NA,NA,NA
NA,6234,2017-03-24,NA,"pregnant",NA,NA,NA
NA,6637,2017-03-24,NA,"pregnant",NA,NA,NA
NA,7408,2017-03-24,NA,"pregnant",NA,NA,NA
NA,6948,2017-03-24,NA,"pregnant",NA,NA,NA
NA,5007,2017-03-24,NA,"pregnant",NA,NA,NA
NA,6555,2017-03-24,NA,"pregnant",NA,NA,NA
NA,6286,2017-03-24,NA,"pregnant",NA,NA,NA
NA,8196,2017-03-24,NA,"pregnant",NA,NA,NA
NA,5548,2017-03-24,NA,"pregnant",NA,NA,NA
NA,6305,2017-03-24,NA,"pregnant",NA,NA,NA
NA,6486,2017-03-24,NA,"pregnant",NA,NA,NA
NA,6973,2017-03-24,NA,"pregnant",NA,NA,NA
NA,6336,2017-03-24,NA,"pregnant",NA,NA,NA
NA,6982,2017-03-24,NA,"pregnant",NA,NA,NA
NA,7705,2017-03-24,NA,"pregnant",NA,NA,NA
NA,8908,2017-03-24,NA,"pregnant",NA,NA,NA
NA,5262,2017-03-24,NA,"pregnant",NA,NA,NA
NA,6255,2017-03-24,NA,"pregnant",NA,NA,NA
NA,5781,2017-03-24,NA,"pregnant",NA,NA,NA
NA,7699,2017-03-24,NA,"pregnant",NA,NA,NA
NA,6123,2017-03-24,NA,"pregnant",NA,NA,NA
NA,5847,2017-03-24,NA,"pregnant",NA,NA,NA
NA,8902,2017-03-24,NA,"pregnant",NA,NA,NA
NA,5845,2017-03-24,NA,"pregnant",NA,NA,NA
NA,7619,2017-03-24,NA,"pregnant",NA,NA,NA
NA,8999,2017-03-24,NA,"pregnant",NA,NA,NA
NA,7562,2017-03-24,NA,"pregnant",NA,NA,NA
NA,5705,2017-03-24,NA,"pregnant",NA,NA,NA
NA,6915,2017-03-24,NA,"pregnant",NA,NA,NA
NA,7647,2017-03-24,NA,"pregnant",NA,NA,NA
NA,7677,2017-03-24,NA,"pregnant",NA,NA,NA
NA,5585,2017-03-24,NA,"pregnant",NA,NA,NA
NA,5596,2017-03-24,NA,"pregnant",NA,NA,NA
NA,7209,2017-03-24,NA,"pregnant",NA,NA,NA
NA,5408,2017-03-24,NA,"pregnant",NA,NA,NA
NA,6944,2017-03-24,NA,"pregnant",NA,NA,NA
NA,7752,2017-03-24,NA,"pregnant",NA,NA,NA
NA,6298,2017-03-24,NA,"pregnant",NA,NA,NA
NA,9061,2017-03-24,NA,"pregnant",NA,NA,NA
NA,7710,2017-03-24,NA,"pregnant",NA,NA,NA
NA,6855,2017-03-24,NA,"pregnant",NA,NA,NA
NA,7121,2017-03-24,NA,"pregnant",NA,NA,NA
NA,7127,2017-03-24,NA,"pregnant",NA,NA,NA
NA,9398,2017-03-24,NA,"pregnant",NA,NA,NA
NA,5539,2017-03-24,NA,"pregnant",NA,NA,NA
NA,7733,2017-03-24,NA,"pregnant",NA,NA,NA
NA,6747,2017-03-24,NA,"pregnant",NA,NA,NA
NA,6450,2017-03-24,NA,"pregnant",NA,NA,NA
NA,6299,2017-03-24,NA,"pregnant",NA,NA,NA
NA,4087,2017-03-24,NA,"pregnant",NA,NA,NA
NA,5804,2017-03-24,NA,"pregnant",NA,NA,NA
NA,6884,2017-03-24,NA,"pregnant",NA,NA,NA
NA,8092,2017-03-24,NA,"pregnant",NA,NA,NA
NA,5543,2017-03-24,NA,"pregnant",NA,NA,NA
NA,8221,2017-03-24,NA,"pregnant",NA,NA,NA
NA,5544,2017-03-24,NA,"pregnant",NA,NA,NA
NA,6347,2017-03-24,NA,"pregnant",NA,NA,NA
NA,6406,2017-03-24,NA,"pregnant",NA,NA,NA
NA,6883,2017-03-24,NA,"pregnant",NA,NA,NA
NA,6318,2017-03-24,NA,"pregnant",NA,NA,NA
NA,6981,2017-03-24,NA,"pregnant",NA,NA,NA
NA,8982,2017-03-24,NA,"pregnant",NA,NA,NA
NA,5330,2017-03-24,NA,"pregnant",NA,NA,NA
NA,6998,2017-03-24,NA,"pregnant",NA,NA,NA
NA,9053,2017-03-24,NA,"pregnant",NA,NA,NA
NA,7278,2017-03-24,NA,"pregnant",NA,NA,NA
NA,6871,2017-03-24,NA,"pregnant",NA,NA,NA
NA,5836,2017-03-24,NA,"pregnant",NA,NA,NA
NA,6233,2017-03-24,NA,"pregnant",NA,NA,NA
NA,7020,2017-03-24,NA,"pregnant",NA,NA,NA
NA,7136,2017-03-24,NA,"pregnant",NA,NA,NA
NA,7072,2017-03-24,NA,"pregnant",NA,NA,NA
NA,8960,2017-03-24,NA,"pregnant",NA,NA,NA
NA,7137,2017-03-24,NA,"pregnant",NA,NA,NA
NA,5798,2017-03-24,NA,"pregnant",NA,NA,NA
NA,6271,2017-03-24,NA,"pregnant",NA,NA,NA
NA,6333,2017-03-24,NA,"pregnant",NA,NA,NA
NA,6268,2017-03-24,NA,"pregnant",NA,NA,NA
NA,6344,2017-03-24,NA,"pregnant",NA,NA,NA
NA,6269,2017-03-24,NA,"pregnant",NA,NA,NA
NA,6987,2017-03-24,NA,"pregnant",NA,NA,NA
NA,5646,2017-03-24,NA,"pregnant",NA,NA,NA
NA,7196,2017-03-24,NA,"pregnant",NA,NA,NA
NA,6869,2017-03-24,NA,"pregnant",NA,NA,NA
NA,5853,2017-03-24,NA,"pregnant",NA,NA,NA
NA,6979,2017-03-24,NA,"pregnant",NA,NA,NA
NA,7098,2017-03-24,NA,"pregnant",NA,NA,NA
NA,6273,2017-03-24,NA,"pregnant",NA,NA,NA
NA,6327,2017-03-24,NA,"pregnant",NA,NA,NA
NA,5601,2017-03-24,NA,"pregnant",NA,NA,NA
NA,6466,2017-03-24,NA,"pregnant",NA,NA,NA
NA,8917,2017-03-24,NA,"pregnant",NA,NA,NA
NA,8964,2017-03-24,NA,"pregnant",NA,NA,NA
NA,6974,2017-03-24,NA,"pregnant",NA,NA,NA
NA,8972,2017-03-24,NA,"pregnant",NA,NA,NA
NA,7635,2017-03-24,NA,"pregnant",NA,NA,NA
NA,8903,2017-03-24,NA,"pregnant",NA,NA,NA
NA,7719,2017-03-24,NA,"pregnant",NA,NA,NA
NA,7267,2017-03-24,NA,"pregnant",NA,NA,NA
NA,5775,2017-03-24,NA,"pregnant",NA,NA,NA
NA,7266,2017-03-24,NA,"pregnant",NA,NA,NA
NA,5849,2017-03-24,NA,"pregnant",NA,NA,NA
NA,7738,2017-03-24,NA,"pregnant",NA,NA,NA
NA,5728,2017-03-24,NA,"pregnant",NA,NA,NA
NA,7029,2017-03-24,NA,"pregnant",NA,NA,NA
NA,9055,2017-03-24,NA,"pregnant",NA,NA,NA
NA,6917,2017-03-24,NA,"pregnant",NA,NA,NA
NA,8165,2017-03-24,NA,"pregnant",NA,NA,NA
NA,8949,2017-03-24,NA,"pregnant",NA,NA,NA
NA,6291,2017-03-24,NA,"pregnant",NA,NA,NA
NA,7742,2017-03-24,NA,"pregnant",NA,NA,NA
NA,9051,2017-03-24,NA,"pregnant",NA,NA,NA
NA,7486,2017-03-24,NA,"pregnant",NA,NA,NA
NA,7149,2017-03-24,NA,"pregnant",NA,NA,NA
NA,6711,2017-03-24,NA,"pregnant",NA,NA,NA
NA,8919,2017-03-24,NA,"pregnant",NA,NA,NA
NA,8180,2017-03-24,NA,"pregnant",NA,NA,NA
NA,5483,2017-03-24,NA,"pregnant",NA,NA,NA
NA,7487,2017-03-24,NA,"pregnant",NA,NA,NA
NA,7046,2017-03-24,NA,"pregnant",NA,NA,NA
NA,7613,2017-03-24,NA,"pregnant",NA,NA,NA
NA,6951,2017-03-24,NA,"pregnant",NA,NA,NA
NA,8068,2017-03-24,NA,"pregnant",NA,NA,NA
NA,9021,2017-03-24,NA,"pregnant",NA,NA,NA
NA,9025,2017-03-24,NA,"pregnant",NA,NA,NA
NA,6504,2017-03-24,NA,"pregnant",NA,NA,NA
NA,6667,2017-03-24,NA,"pregnant",NA,NA,NA
NA,7637,2017-03-24,NA,"pregnant",NA,NA,NA
NA,NA,2017-03-24,NA,"pregnant",NA,NA,NA
NA,6309,2017-03-24,NA,"pregnant",NA,NA,NA
NA,6742,2017-03-24,NA,"pregnant",NA,NA,NA
NA,7808,2017-03-24,NA,"pregnant",NA,NA,NA
NA,8954,2017-03-24,NA,"pregnant",NA,NA,NA
NA,6890,2017-03-24,NA,"pregnant",NA,NA,NA
NA,6750,2017-03-24,NA,"pregnant",NA,NA,NA
NA,7125,2017-03-24,NA,"pregnant",NA,NA,NA
NA,7217,2017-03-24,NA,"pregnant",NA,NA,NA
NA,6228,2017-03-24,NA,"pregnant",NA,NA,NA
NA,7122,2017-03-24,NA,"pregnant",NA,NA,NA
NA,9060,2017-03-24,NA,"pregnant",NA,NA,NA
NA,8932,2017-03-24,NA,"pregnant",NA,NA,NA
NA,6681,2017-03-24,NA,"pregnant",NA,NA,NA
NA,6609,2017-03-24,NA,"pregnant",NA,NA,NA
NA,7737,2017-03-24,NA,"pregnant",NA,NA,NA
NA,5686,2017-03-24,NA,"pregnant",NA,NA,NA
NA,7090,2017-03-24,NA,"pregnant",NA,NA,NA
NA,7047,2017-03-24,NA,"pregnant",NA,NA,NA
NA,6985,2017-03-24,NA,"pregnant",NA,NA,NA
NA,6443,2017-03-24,NA,"pregnant",NA,NA,NA
NA,9013,2017-03-24,NA,"pregnant",NA,NA,NA
NA,5537,2017-03-24,NA,"pregnant",NA,NA,NA
NA,5701,2017-03-24,NA,"pregnant",NA,NA,NA
NA,5494,2017-03-24,NA,"pregnant",NA,NA,NA
NA,5782,2017-03-24,NA,"pregnant",NA,NA,NA
NA,6398,2017-03-24,NA,"pregnant",NA,NA,NA
NA,8013,2017-03-24,NA,"pregnant",NA,NA,NA
NA,6971,2017-03-24,NA,"pregnant",NA,NA,NA
NA,7243,2017-03-24,NA,"pregnant",NA,NA,NA
NA,7067,2017-03-24,NA,"pregnant",NA,NA,NA
NA,7162,2017-03-24,NA,"pregnant",NA,NA,NA
NA,5741,2017-03-24,NA,"pregnant",NA,NA,NA
NA,6325,2017-03-24,NA,"pregnant",NA,NA,NA
NA,7092,2017-03-24,NA,"pregnant",NA,NA,NA
NA,6846,2017-03-24,NA,"pregnant",NA,NA,NA
NA,7002,2017-03-24,NA,"pregnant",NA,NA,NA
NA,6901,2017-03-24,NA,"pregnant",NA,NA,NA
NA,7294,2017-03-24,NA,"pregnant",NA,NA,NA
NA,6875,2017-03-24,NA,"pregnant",NA,NA,NA
NA,6627,2017-03-24,NA,"pregnant",NA,NA,NA
NA,10056,2017-03-24,NA,"pregnant",NA,NA,NA
NA,6701,2017-03-24,NA,"pregnant",NA,NA,NA
NA,8184,2017-03-24,NA,"pregnant",NA,NA,NA
NA,6852,2017-03-24,NA,"pregnant",NA,NA,NA
NA,5848,2017-03-24,NA,"pregnant",NA,NA,NA
NA,5595,2017-03-24,NA,"pregnant",NA,NA,NA
NA,7765,2017-03-24,NA,"pregnant",NA,NA,NA
NA,7798,2017-03-24,NA,"pregnant",NA,NA,NA
NA,6780,2017-03-24,NA,"pregnant",NA,NA,NA
NA,8186,2017-03-24,NA,"pregnant",NA,NA,NA
NA,6903,2017-03-24,NA,"pregnant",NA,NA,NA
NA,9056,2017-03-24,NA,"pregnant",NA,NA,NA
NA,6894,2017-03-24,NA,"pregnant",NA,NA,NA
NA,7411,2017-03-24,NA,"pregnant",NA,NA,NA
NA,5238,2017-03-24,NA,"pregnant",NA,NA,NA
NA,6563,2017-03-24,NA,"pregnant",NA,NA,NA
NA,7605,2017-03-24,NA,"pregnant",NA,NA,NA
NA,6879,2017-03-24,NA,"pregnant",NA,NA,NA
NA,7117,2017-03-24,NA,"pregnant",NA,NA,NA
NA,7791,2017-03-24,NA,"pregnant",NA,NA,NA
NA,7772,2017-03-24,NA,"pregnant",NA,NA,NA
NA,6353,2017-03-24,NA,"pregnant",NA,NA,NA
NA,9054,2017-03-24,NA,"pregnant",NA,NA,NA
NA,6888,2017-03-24,NA,"pregnant",NA,NA,NA
NA,7749,2017-03-24,NA,"pregnant",NA,NA,NA
NA,6437,2017-03-24,NA,"pregnant",NA,NA,NA
NA,9029,2017-03-24,NA,"pregnant",NA,NA,NA
NA,8995,2017-03-24,NA,"pregnant",NA,NA,NA
NA,5834,2017-03-24,NA,"pregnant",NA,NA,NA
NA,5833,2017-03-24,NA,"pregnant",NA,NA,NA
NA,6389,2017-03-24,NA,"pregnant",NA,NA,NA
NA,6756,2017-03-24,NA,"pregnant",NA,NA,NA
NA,7041,2017-03-24,NA,"pregnant",NA,NA,NA
NA,7594,2017-03-24,NA,"pregnant",NA,NA,NA
NA,6902,2017-03-24,NA,"pregnant",NA,NA,NA
NA,6381,2017-03-24,NA,"pregnant",NA,NA,NA
NA,9008,2017-03-24,NA,"pregnant",NA,NA,NA
NA,7138,2017-03-24,NA,"pregnant",NA,NA,NA
NA,8200,2017-03-24,NA,"pregnant",NA,NA,NA
NA,7624,2017-03-24,NA,"pregnant",NA,NA,NA
NA,7735,2017-03-24,NA,"pregnant",NA,NA,NA
NA,8966,2017-03-24,NA,"pregnant",NA,NA,NA
NA,7040,2017-03-24,NA,"pregnant",NA,NA,NA
NA,5760,2017-03-24,NA,"pregnant",NA,NA,NA
NA,6773,2017-03-24,NA,"pregnant",NA,NA,NA
NA,6595,2017-03-24,NA,"pregnant",NA,NA,NA
NA,6263,2017-03-24,NA,"pregnant",NA,NA,NA
NA,6956,2017-03-24,NA,"pregnant",NA,NA,NA
NA,8961,2017-03-24,NA,"pregnant",NA,NA,NA
NA,6772,2017-03-24,NA,"pregnant",NA,NA,NA
NA,7642,2017-03-24,NA,"pregnant",NA,NA,NA
NA,6859,2017-03-24,NA,"pregnant",NA,NA,NA
NA,5647,2017-03-24,NA,"pregnant",NA,NA,NA
NA,6897,2017-03-24,NA,"pregnant",NA,NA,NA
NA,7027,2017-03-24,NA,"pregnant",NA,NA,NA
NA,6481,2017-03-24,NA,"pregnant",NA,NA,NA
NA,6720,2017-03-24,NA,"pregnant",NA,NA,NA
NA,7694,2017-03-24,NA,"pregnant",NA,NA,NA
NA,7795,2017-03-24,NA,"pregnant",NA,NA,NA
NA,7093,2017-03-24,NA,"pregnant",NA,NA,NA
NA,7599,2017-03-24,NA,"pregnant",NA,NA,NA
NA,7045,2017-03-24,NA,"pregnant",NA,NA,NA
NA,5687,2017-03-24,NA,"pregnant",NA,NA,NA
NA,8925,2017-03-24,NA,"pregnant",NA,NA,NA
NA,6295,2017-03-24,NA,"pregnant",NA,NA,NA
NA,9059,2017-03-24,NA,"pregnant",NA,NA,NA
NA,7104,2017-03-24,NA,"pregnant",NA,NA,NA
NA,7062,2017-03-24,NA,"pregnant",NA,NA,NA
NA,9058,2017-03-24,NA,"pregnant",NA,NA,NA
NA,5793,2017-03-24,NA,"pregnant",NA,NA,NA
NA,6638,2017-03-24,NA,"pregnant",NA,NA,NA
NA,6646,2017-03-24,NA,"pregnant",NA,NA,NA
NA,6937,2017-03-24,NA,"pregnant",NA,NA,NA
NA,6714,2017-03-24,NA,"pregnant",NA,NA,NA
NA,6775,2017-03-24,NA,"pregnant",NA,NA,NA
NA,6682,2017-03-24,NA,"pregnant",NA,NA,NA
NA,6564,2017-03-24,NA,"pregnant",NA,NA,NA
NA,9995,2017-03-24,NA,"pregnant",NA,NA,NA
NA,8086,2017-03-24,NA,"pregnant",NA,NA,NA
NA,7261,2017-03-24,NA,"pregnant",NA,NA,NA
NA,7670,2017-03-24,NA,"pregnant",NA,NA,NA
NA,9767,2017-03-24,NA,"pregnant",NA,NA,NA
NA,10027,2017-03-24,NA,"pregnant",NA,NA,NA
NA,8778,2017-03-24,NA,"pregnant",NA,NA,NA
NA,10024,2017-03-24,NA,"pregnant",NA,NA,NA
NA,9583,2017-03-24,NA,"pregnant",NA,NA,NA
NA,9007,2017-03-24,NA,"pregnant",NA,NA,NA
NA,9773,2017-03-24,NA,"pregnant",NA,NA,NA
NA,9702,2017-03-24,NA,"pregnant",NA,NA,NA
NA,9541,2017-03-24,NA,"pregnant",NA,NA,NA
NA,9982,2017-03-24,NA,"pregnant",NA,NA,NA
NA,9794,2017-03-24,NA,"pregnant",NA,NA,NA
NA,10021,2017-03-24,NA,"pregnant",NA,NA,NA
NA,9212,2017-03-24,NA,"pregnant",NA,NA,NA
NA,10053,2017-03-24,NA,"pregnant",NA,NA,NA
NA,9846,2017-03-24,NA,"pregnant",NA,NA,NA
NA,9100,2017-03-24,NA,"pregnant",NA,NA,NA
NA,9691,2017-03-24,NA,"pregnant",NA,NA,NA
NA,7926,2017-03-24,NA,"pregnant",NA,NA,NA
NA,9678,2017-03-24,NA,"pregnant",NA,NA,NA
NA,9677,2017-03-24,NA,"pregnant",NA,NA,NA
NA,9285,2017-03-24,NA,"pregnant",NA,NA,NA
NA,7616,2017-03-24,NA,"pregnant",NA,NA,NA
NA,9696,2017-03-24,NA,"pregnant",NA,NA,NA
NA,9114,2017-03-24,NA,"pregnant",NA,NA,NA
NA,9958,2017-03-24,NA,"pregnant",NA,NA,NA
NA,6749,2017-03-24,NA,"pregnant",NA,NA,NA
NA,9976,2017-03-24,NA,"pregnant",NA,NA,NA
NA,9837,2017-03-24,NA,"pregnant",NA,NA,NA
NA,9664,2017-03-24,NA,"pregnant",NA,NA,NA
NA,9927,2017-03-24,NA,"pregnant",NA,NA,NA
NA,9152,2017-03-24,NA,"pregnant",NA,NA,NA
NA,9991,2017-03-24,NA,"pregnant",NA,NA,NA
NA,9984,2017-03-24,NA,"pregnant",NA,NA,NA
NA,7880,2017-03-24,NA,"pregnant",NA,NA,NA
NA,8795,2017-03-24,NA,"pregnant",NA,NA,NA
NA,9955,2017-03-24,NA,"pregnant",NA,NA,NA
NA,9952,2017-03-24,NA,"pregnant",NA,NA,NA
NA,9986,2017-03-24,NA,"pregnant",NA,NA,NA
NA,9188,2017-03-24,NA,"pregnant",NA,NA,NA
NA,9638,2017-03-24,NA,"pregnant",NA,NA,NA
NA,8630,2017-03-24,NA,"pregnant",NA,NA,NA
NA,9670,2017-03-24,NA,"pregnant",NA,NA,NA
NA,8095,2017-03-24,NA,"pregnant",NA,NA,NA
NA,9080,2017-03-24,NA,"pregnant",NA,NA,NA
NA,9599,2017-03-24,NA,"pregnant",NA,NA,NA
NA,9177,2017-03-24,NA,"pregnant",NA,NA,NA
NA,9258,2017-03-24,NA,"pregnant",NA,NA,NA
NA,7419,2017-03-24,NA,"pregnant",NA,NA,NA
NA,9673,2017-03-24,NA,"pregnant",NA,NA,NA
NA,10020,2017-03-24,NA,"pregnant",NA,NA,NA
NA,9942,2017-03-24,NA,"pregnant",NA,NA,NA
NA,9968,2017-03-24,NA,"pregnant",NA,NA,NA
NA,9613,2017-03-24,NA,"pregnant",NA,NA,NA
NA,9542,2017-03-24,NA,"pregnant",NA,NA,NA
NA,10022,2017-03-24,NA,"pregnant",NA,NA,NA
NA,9647,2017-03-24,NA,"pregnant",NA,NA,NA
NA,8454,2017-03-24,NA,"pregnant",NA,NA,NA
NA,9668,2017-03-24,NA,"pregnant",NA,NA,NA
NA,9722,2017-03-24,NA,"pregnant",NA,NA,NA
NA,9204,2017-03-24,NA,"pregnant",NA,NA,NA
NA,7176,2017-03-24,NA,"pregnant",NA,NA,NA
NA,9543,2017-03-24,NA,"pregnant",NA,NA,NA
NA,9851,2017-03-24,NA,"pregnant",NA,NA,NA
NA,9682,2017-03-24,NA,"pregnant",NA,NA,NA
NA,9872,2017-03-24,NA,"pregnant",NA,NA,NA
NA,9844,2017-03-24,NA,"pregnant",NA,NA,NA
NA,9590,2017-03-24,NA,"pregnant",NA,NA,NA
NA,9921,2017-03-24,NA,"pregnant",NA,NA,NA
NA,8014,2017-03-24,NA,"pregnant",NA,NA,NA
NA,9621,2017-03-24,NA,"pregnant",NA,NA,NA
NA,9755,2017-03-24,NA,"pregnant",NA,NA,NA
NA,9998,2017-03-24,NA,"pregnant",NA,NA,NA
NA,10042,2017-03-24,NA,"pregnant",NA,NA,NA
NA,9694,2017-03-24,NA,"pregnant",NA,NA,NA
NA,8754,2017-03-24,NA,"pregnant",NA,NA,NA
NA,9819,2017-03-24,NA,"pregnant",NA,NA,NA
NA,8731,2017-03-24,NA,"pregnant",NA,NA,NA
NA,9787,2017-03-24,NA,"pregnant",NA,NA,NA
NA,9911,2017-03-24,NA,"pregnant",NA,NA,NA
NA,9959,2017-03-24,NA,"pregnant",NA,NA,NA
NA,9753,2017-03-24,NA,"pregnant",NA,NA,NA
NA,9815,2017-03-24,NA,"pregnant",NA,NA,NA
NA,9777,2017-03-24,NA,"pregnant",NA,NA,NA
NA,9752,2017-03-24,NA,"pregnant",NA,NA,NA
NA,9633,2017-03-24,NA,"pregnant",NA,NA,NA
NA,8771,2017-03-24,NA,"pregnant",NA,NA,NA
NA,8546,2017-03-24,NA,"pregnant",NA,NA,NA
NA,9160,2017-03-24,NA,"pregnant",NA,NA,NA
NA,9833,2017-03-24,NA,"pregnant",NA,NA,NA
NA,8547,2017-03-24,NA,"pregnant",NA,NA,NA
NA,9798,2017-03-24,NA,"pregnant",NA,NA,NA
NA,9687,2017-03-24,NA,"pregnant",NA,NA,NA
NA,9681,2017-03-24,NA,"pregnant",NA,NA,NA
NA,9855,2017-03-24,NA,"pregnant",NA,NA,NA
NA,9875,2017-03-24,NA,"pregnant",NA,NA,NA
NA,9893,2017-03-24,NA,"pregnant",NA,NA,NA
NA,9686,2017-03-24,NA,"pregnant",NA,NA,NA
NA,9589,2017-03-24,NA,"pregnant",NA,NA,NA
NA,9550,2017-03-24,NA,"pregnant",NA,NA,NA
NA,10028,2017-03-24,NA,"pregnant",NA,NA,NA
NA,9999,2017-03-24,NA,"pregnant",NA,NA,NA
NA,7351,2017-03-24,NA,"pregnant",NA,NA,NA
NA,9296,2017-03-24,NA,"pregnant",NA,NA,NA
NA,9650,2017-03-24,NA,"pregnant",NA,NA,NA
NA,9989,2017-03-24,NA,"pregnant",NA,NA,NA
NA,10036,2017-03-24,NA,"pregnant",NA,NA,NA
NA,8544,2017-03-24,NA,"pregnant",NA,NA,NA
NA,9260,2017-03-24,NA,"pregnant",NA,NA,NA
NA,8860,2017-03-24,NA,"pregnant",NA,NA,NA
NA,9786,2017-03-24,NA,"pregnant",NA,NA,NA
NA,9716,2017-03-24,NA,"pregnant",NA,NA,NA
NA,8762,2017-03-24,NA,"pregnant",NA,NA,NA
NA,9740,2017-03-24,NA,"pregnant",NA,NA,NA
NA,9695,2017-03-24,NA,"pregnant",NA,NA,NA
NA,9801,2017-03-24,NA,"pregnant",NA,NA,NA
NA,10009,2017-03-24,NA,"pregnant",NA,NA,NA
NA,9954,2017-03-24,NA,"pregnant",NA,NA,NA
NA,9693,2017-03-24,NA,"pregnant",NA,NA,NA
NA,8360,2017-03-24,NA,"pregnant",NA,NA,NA
NA,9635,2017-03-24,NA,"pregnant",NA,NA,NA
NA,9840,2017-03-24,NA,"pregnant",NA,NA,NA
NA,9839,2017-03-24,NA,"pregnant",NA,NA,NA
NA,9715,2017-03-24,NA,"pregnant",NA,NA,NA
NA,9842,2017-03-24,NA,"pregnant",NA,NA,NA
NA,9869,2017-03-24,NA,"pregnant",NA,NA,NA
NA,9639,2017-03-24,NA,"pregnant",NA,NA,NA
NA,9847,2017-03-24,NA,"pregnant",NA,NA,NA
NA,9967,2017-03-24,NA,"pregnant",NA,NA,NA
NA,8506,2017-03-24,NA,"pregnant",NA,NA,NA
NA,9827,2017-03-24,NA,"pregnant",NA,NA,NA
NA,10014,2017-03-24,NA,"pregnant",NA,NA,NA
NA,9669,2017-03-24,NA,"pregnant",NA,NA,NA
NA,8691,2017-03-24,NA,"pregnant",NA,NA,NA
NA,7932,2017-03-24,NA,"pregnant",NA,NA,NA
NA,10776,2017-03-24,NA,"pregnant",NA,NA,NA
NA,9665,2017-03-24,NA,"pregnant",NA,NA,NA
NA,10025,2017-03-24,NA,"pregnant",NA,NA,NA
NA,9957,2017-03-24,NA,"pregnant",NA,NA,NA
NA,9606,2017-03-24,NA,"pregnant",NA,NA,NA
NA,9953,2017-03-24,NA,"pregnant",NA,NA,NA
NA,9941,2017-03-24,NA,"pregnant",NA,NA,NA
NA,9302,2017-03-24,NA,"pregnant",NA,NA,NA
NA,10031,2017-03-24,NA,"pregnant",NA,NA,NA
NA,8570,2017-03-24,NA,"pregnant",NA,NA,NA
NA,9813,2017-03-24,NA,"pregnant",NA,NA,NA
NA,9799,2017-03-24,NA,"pregnant",NA,NA,NA
NA,9615,2017-03-24,NA,"pregnant",NA,NA,NA
NA,9770,2017-03-24,NA,"pregnant",NA,NA,NA
NA,9894,2017-03-24,NA,"pregnant",NA,NA,NA
NA,9947,2017-03-24,NA,"pregnant",NA,NA,NA
NA,9259,2017-03-24,NA,"pregnant",NA,NA,NA
NA,10019,2017-03-24,NA,"pregnant",NA,NA,NA
NA,9906,2017-03-24,NA,"pregnant",NA,NA,NA
NA,7814,2017-03-24,NA,"pregnant",NA,NA,NA
NA,9744,2017-03-24,NA,"pregnant",NA,NA,NA
NA,9666,2017-03-24,NA,"pregnant",NA,NA,NA
NA,10034,2017-03-24,NA,"pregnant",NA,NA,NA
NA,9239,2017-03-24,NA,"pregnant",NA,NA,NA
NA,9884,2017-03-24,NA,"pregnant",NA,NA,NA
NA,9792,2017-03-24,NA,"pregnant",NA,NA,NA
NA,9264,2017-03-24,NA,"pregnant",NA,NA,NA
NA,7810,2017-03-24,NA,"pregnant",NA,NA,NA
NA,9566,2017-03-24,NA,"pregnant",NA,NA,NA
NA,9293,2017-03-24,NA,"pregnant",NA,NA,NA
NA,9918,2017-03-24,NA,"pregnant",NA,NA,NA
NA,9790,2017-03-24,NA,"pregnant",NA,NA,NA
NA,9876,2017-03-24,NA,"pregnant",NA,NA,NA
NA,9972,2017-03-24,NA,"pregnant",NA,NA,NA
NA,9546,2017-03-24,NA,"pregnant",NA,NA,NA
NA,9781,2017-03-24,NA,"pregnant",NA,NA,NA
NA,9838,2017-03-24,NA,"pregnant",NA,NA,NA
NA,9783,2017-03-24,NA,"pregnant",NA,NA,NA
NA,9765,2017-03-24,NA,"pregnant",NA,NA,NA
NA,9852,2017-03-24,NA,"pregnant",NA,NA,NA
NA,9910,2017-03-24,NA,"pregnant",NA,NA,NA
NA,9712,2017-03-24,NA,"pregnant",NA,NA,NA
NA,7777,2017-03-24,NA,"pregnant",NA,NA,NA
NA,9796,2017-03-24,NA,"pregnant",NA,NA,NA
NA,9256,2017-03-24,NA,"pregnant",NA,NA,NA
NA,9748,2017-03-24,NA,"pregnant",NA,NA,NA
NA,9857,2017-03-24,NA,"pregnant",NA,NA,NA
NA,9931,2017-03-24,NA,"pregnant",NA,NA,NA
NA,9951,2017-03-24,NA,"pregnant",NA,NA,NA
NA,9936,2017-03-24,NA,"pregnant",NA,NA,NA
NA,8688,2017-03-24,NA,"pregnant",NA,NA,NA
NA,9603,2017-03-24,NA,"pregnant",NA,NA,NA
NA,9864,2017-03-24,NA,"pregnant",NA,NA,NA
NA,9634,2017-03-24,NA,"pregnant",NA,NA,NA
NA,9806,2017-03-24,NA,"pregnant",NA,NA,NA
NA,9978,2017-03-24,NA,"pregnant",NA,NA,NA
NA,9987,2017-03-24,NA,"pregnant",NA,NA,NA
NA,9202,2017-03-24,NA,"pregnant",NA,NA,NA
NA,9305,2017-03-24,NA,"pregnant",NA,NA,NA
NA,NA,NA,NA,"",NA,NA,NA
NA,NA,NA,NA,"",NA,NA,NA
NA,NA,NA,NA,"",NA,NA,NA
NA,NA,NA,NA,"",NA,NA,NA
NA,NA,NA,NA,"",NA,NA,NA
NA,NA,NA,NA,"",NA,NA,NA
NA,NA,NA,NA,"",NA,NA,NA
NA,NA,NA,NA,"",NA,NA,NA
NA,NA,NA,NA,"",NA,NA,NA
NA,NA,NA,NA,"",NA,NA,NA
NA,NA,NA,NA,"",NA,NA,NA
NA,NA,NA,NA,"",NA,NA,NA
NA,NA,NA,NA,"",NA,NA,NA
NA,NA,NA,NA,"",NA,NA,NA
NA,NA,NA,NA,"",NA,NA,NA
NA,NA,NA,NA,"",NA,NA,NA
NA,NA,NA,NA,"",NA,NA,NA
NA,NA,NA,NA,"",NA,NA,NA
NA,NA,NA,NA,"",NA,NA,NA
NA,NA,NA,NA,"",NA,NA,NA
NA,NA,NA,NA,"",NA,NA,NA
NA,NA,NA,NA,"",NA,NA,NA
NA,NA,NA,NA,"",NA,NA,NA
NA,NA,NA,NA,"",NA,NA,NA
NA,NA,NA,NA,"",NA,NA,NA
NA,NA,NA,NA,"",NA,NA,NA
NA,NA,NA,NA,"",NA,NA,NA
NA,NA,NA,NA,"",NA,NA,NA
NA,NA,NA,NA,"",NA,NA,NA
NA,NA,NA,NA,"",NA,NA,NA
NA,NA,NA,NA,"",NA,NA,NA
NA,NA,NA,NA,"",NA,NA,NA
NA,NA,NA,NA,"",NA,NA,NA
NA,NA,NA,NA,"",NA,NA,NA
NA,NA,NA,NA,"",NA,NA,NA
NA,NA,NA,NA,"",NA,NA,NA
NA,NA,NA,NA,"",NA,NA,NA
NA,NA,NA,NA,"",NA,NA,NA
NA,NA,NA,NA,"",NA,NA,NA
NA,NA,NA,NA,"",NA,NA,NA
NA,NA,NA,NA,"",NA,NA,NA
NA,NA,NA,NA,"",NA,NA,NA
NA,NA,NA,NA,"",NA,NA,NA
NA,NA,NA,NA,"",NA,NA,NA
NA,NA,NA,NA,"",NA,NA,NA
NA,NA,NA,NA,"",NA,NA,NA
NA,NA,NA,NA,"",NA,NA,NA
NA,NA,NA,NA,"",NA,NA,NA
NA,NA,NA,NA,"",NA,NA,NA
NA,NA,NA,NA,"",NA,NA,NA
NA,NA,NA,NA,"",NA,NA,NA
NA,NA,NA,NA,"",NA,NA,NA
NA,NA,NA,NA,"",NA,NA,NA
NA,NA,NA,NA,"",NA,NA,NA
NA,NA,NA,NA,"",NA,NA,NA
NA,NA,NA,NA,"",NA,NA,NA
NA,NA,NA,NA,"",NA,NA,NA
NA,NA,NA,NA,"",NA,NA,NA
NA,NA,NA,NA,"",NA,NA,NA
NA,NA,NA,NA,"",NA,NA,NA
NA,NA,NA,NA,"",NA,NA,NA
NA,NA,NA,NA,"",NA,NA,NA
NA,NA,NA,NA,"",NA,NA,NA
NA,NA,NA,NA,"",NA,NA,NA
NA,NA,NA,NA,"",NA,NA,NA
NA,NA,NA,NA,"",NA,NA,NA
NA,NA,NA,NA,"",NA,NA,NA
NA,NA,NA,NA,"",NA,NA,NA
NA,NA,NA,NA,"",NA,NA,NA
NA,NA,NA,NA,"",NA,NA,NA
NA,NA,NA,NA,"",NA,NA,NA
NA,NA,NA,NA,"",NA,NA,NA
NA,NA,NA,NA,"",NA,NA,NA
NA,NA,NA,NA,"",NA,NA,NA
NA,NA,NA,NA,"",NA,NA,NA
NA,NA,NA,NA,"",NA,NA,NA
NA,NA,NA,NA,"",NA,NA,NA
NA,NA,NA,NA,"",NA,NA,NA
NA,NA,NA,NA,"",NA,NA,NA
NA,NA,NA,NA,"",NA,NA,NA
NA,NA,NA,NA,"",NA,NA,NA
NA,NA,NA,NA,"",NA,NA,NA
NA,NA,NA,NA,"",NA,NA,NA
NA,NA,NA,NA,"",NA,NA,NA
NA,NA,NA,NA,"",NA,NA,NA
NA,NA,NA,NA,"",NA,NA,NA
NA,NA,NA,NA,"",NA,NA,NA
NA,NA,NA,NA,"",NA,NA,NA
NA,NA,NA,NA,"",NA,NA,NA
NA,NA,NA,NA,"",NA,NA,NA
NA,NA,NA,NA,"",NA,NA,NA
NA,NA,NA,NA,"",NA,NA,NA
NA,NA,NA,NA,"",NA,NA,NA
NA,NA,NA,NA,"",NA,NA,NA
NA,NA,NA,NA,"",NA,NA,NA
NA,NA,NA,NA,"",NA,NA,NA
NA,NA,NA,NA,"",NA,NA,NA
NA,NA,NA,NA,"",NA,NA,NA
NA,NA,NA,NA,"",NA,NA,NA
NA,NA,NA,NA,"",NA,NA,NA
NA,NA,NA,NA,"",NA,NA,NA
NA,NA,NA,NA,"",NA,NA,NA
NA,NA,NA,NA,"",NA,NA,NA
NA,NA,NA,NA,"",NA,NA,NA
NA,NA,NA,NA,"",NA,NA,NA
NA,NA,NA,NA,"",NA,NA,NA
NA,NA,NA,NA,"",NA,NA,NA
NA,NA,NA,NA,"",NA,NA,NA
NA,NA,NA,NA,"",NA,NA,NA
NA,NA,NA,NA,"",NA,NA,NA
NA,NA,NA,NA,"",NA,NA,NA
NA,NA,NA,NA,"",NA,NA,NA
NA,NA,NA,NA,"",NA,NA,NA
NA,NA,NA,NA,"",NA,NA,NA
NA,NA,NA,NA,"",NA,NA,NA
NA,NA,NA,NA,"",NA,NA,NA
NA,NA,NA,NA,"",NA,NA,NA
NA,NA,NA,NA,"",NA,NA,NA
NA,NA,NA,NA,"",NA,NA,NA
NA,NA,NA,NA,"",NA,NA,NA
NA,NA,NA,NA,"",NA,NA,NA
NA,NA,NA,NA,"",NA,NA,NA
NA,NA,NA,NA,"",NA,NA,NA
NA,NA,NA,NA,"",NA,NA,NA
NA,NA,NA,NA,"",NA,NA,NA
NA,NA,NA,NA,"",NA,NA,NA
NA,NA,NA,NA,"",NA,NA,NA
NA,NA,NA,NA,"",NA,NA,NA
NA,NA,NA,NA,"",NA,NA,NA
NA,NA,NA,NA,"",NA,NA,NA
NA,NA,NA,NA,"",NA,NA,NA
NA,NA,NA,NA,"",NA,NA,NA
NA,NA,NA,NA,"",NA,NA,NA
NA,NA,NA,NA,"",NA,NA,NA
NA,NA,NA,NA,"",NA,NA,NA
NA,NA,NA,NA,"",NA,NA,NA
NA,NA,NA,NA,"",NA,NA,NA
NA,NA,NA,NA,"",NA,NA,NA
NA,NA,NA,NA,"",NA,NA,NA
NA,NA,NA,NA,"",NA,NA,NA
NA,NA,NA,NA,"",NA,NA,NA
NA,NA,NA,NA,"",NA,NA,NA
NA,NA,NA,NA,"",NA,NA,NA
NA,NA,NA,NA,"",NA,NA,NA
NA,NA,NA,NA,"",NA,NA,NA
NA,NA,NA,NA,"",NA,NA,NA
NA,NA,NA,NA,"",NA,NA,NA
NA,NA,NA,NA,"",NA,NA,NA
NA,NA,NA,NA,"",NA,NA,NA
NA,NA,NA,NA,"",NA,NA,NA
NA,NA,NA,NA,"",NA,NA,NA
NA,NA,NA,NA,"",NA,NA,NA
NA,NA,NA,NA,"",NA,NA,NA
NA,NA,NA,NA,"",NA,NA,NA
NA,NA,NA,NA,"",NA,NA,NA
NA,NA,NA,NA,"",NA,NA,NA
NA,NA,NA,NA,"",NA,NA,NA
NA,NA,NA,NA,"",NA,NA,NA
NA,NA,NA,NA,"",NA,NA,NA
NA,NA,NA,NA,"",NA,NA,NA
